Grid,Caserne,Count,Avg_ETAGE_HORS,Avg_ANNEE_CONS,Mode_CATEGORIE_LIBELLE_UT
caserne 47 Grid2_0,caserne 47,3,1.666666667,1969.333333,Logement-Régulier
Caserne 50 Grid1_1,Caserne 50,1,2,1957,Logement-Régulier
Caserne 37 Grid3_3,Caserne 37,6,2.123287671,1934.986301,Logement-Régulier
caserne 47 Grid0_3,caserne 47,7,2.108108108,1934.72973,Logement-Régulier
Caserne 09 Grid4_4,Caserne 09,11,1.75,1957.285714,Logement-Régulier
Caserne 19 Grid3_2,Caserne 19,2,2.2,1930.8,Logement-Condominium
Caserne 39 Grid4_2,Caserne 39,2,1.538461538,1958.692308,Logement-Régulier
Caserne 39 Grid7_3,Caserne 39,6,1.5,1951.5,Logement-Régulier
Caserne 14 Grid3_6,Caserne 14,13,2,1979.6,Logement-Régulier
Caserne 34 Grid4_2,Caserne 34,3,1.6,1991.2,Logement-Condominium
Caserne 46 Grid2_4,Caserne 46,4,1.925925926,1947,Logement-Régulier
Caserne 10 Grid3_3,Caserne 10,38,1.183908046,1986.678161,Logement-Condominium
Caserne 15 Grid2_3,Caserne 15,10,1.711538462,1931.903846,Logement-Régulier
Caserne 31 Grid1_1,Caserne 31,23,1.833333333,1929.37037,Logement-Régulier
Caserne 44 Grid6_6,Caserne 44,2,1.571428571,1988.428571,Logement-Régulier
Caserne 37 Grid3_1,Caserne 37,9,1.882352941,1966.882353,Logement-Régulier
Caserne 14 Grid4_2,Caserne 14,6,1.5,1967.166667,Logement-Régulier
Caserne 23 Grid6_3,Caserne 23,14,1.625,1982.375,Logement-Condominium
Caserne 38 Grid4_4,Caserne 38,1,1.818181818,1997.090909,Logement-Régulier
Caserne 27 Grid3_6,Caserne 27,4,1.842105263,1937.736842,Logement-Régulier
Caserne 16 Grid2_0,Caserne 16,12,1.6,1932.044444,Logement-Condominium
Caserne 10 Grid2_2,Caserne 10,6,0.526315789,1919.263158,Logement-Condominium
Caserne 38 Grid4_6,Caserne 38,12,1.2,1983.5,Logement-Régulier
Caserne 16 Grid1_4,Caserne 16,2,0,1967.5,Immeuble commercial-Régulier
Caserne 23 Grid7_4,Caserne 23,8,1.677419355,1978.387097,Logement-Condominium
Caserne 20 Grid1_2,Caserne 20,6,1.366666667,1984.833333,Logement-Condominium
Caserne 46 Grid0_2,Caserne 46,3,2,1957,Logement-Régulier
Caserne 27 Grid4_2,Caserne 27,10,1.533333333,1931,Logement-Condominium
Caserne 04 Grid4_1,Caserne 04,11,7,1988,Immeuble commercial-Régulier
Caserne 38 Grid5_12,Caserne 38,8,1.666666667,1971.666667,Immeuble commercial-Régulier
Caserne 13 Grid3_0,Caserne 13,1,2,1960,Logement-Régulier
Caserne 30 Grid4_3,Caserne 30,20,1.295454545,1950.045455,Logement-Condominium
Caserne 30 Grid0_2,Caserne 30,13,1.777777778,1925.074074,Logement-Régulier
Caserne 27 Grid3_2,Caserne 27,2,1.681818182,1938,Logement-Condominium
Caserne 42 Grid13_2,Caserne 42,1,0.4,1993.4,Logement-Condominium
Caserne 20 Grid2_1,Caserne 20,9,0.941176471,2001.494118,Logement-Condominium
Caserne 42 Grid4_4,Caserne 42,1,1.5,1971.333333,Logement-Régulier
Caserne 13 Grid2_1,Caserne 13,24,2,1931.538462,Logement-Régulier
Caserne 19 Grid2_2,Caserne 19,20,1.611764706,1973.529412,Logement-Condominium
caserne 47 Grid3_5,caserne 47,5,0.96,2014.52,Logement-Condominium
Caserne 40 Grid5_2,Caserne 40,3,1.516129032,1975.677419,Logement-Régulier
Caserne 44 Grid1_11,Caserne 44,1,1.52,1991.6,Logement-Condominium
Caserne 40 Grid1_0,Caserne 40,4,2.461538462,2007.980769,Logement-Condominium
Caserne 33 Grid3_3,Caserne 33,15,2.019607843,1942.803922,Logement-Régulier
Caserne 16 Grid1_0,Caserne 16,15,1.842105263,1915.421053,Logement-Régulier
Caserne 76 Grid4_1,Caserne 76,12,2,1928,Logement-Régulier
Caserne 37 Grid5_2,Caserne 37,10,1.882352941,1954.647059,Logement-Régulier
Caserne 39 Grid5_4,Caserne 39,3,3,1962,Logement-Régulier
Caserne 09 Grid5_5,Caserne 09,12,1.923076923,1953.846154,Logement-Régulier
Caserne 49 Grid4_2,Caserne 49,1,1.733333333,1966.066667,Logement-Régulier
Caserne 42 Grid6_3,Caserne 42,6,1.585365854,1975.292683,Logement-Condominium
Caserne 39 Grid7_5,Caserne 39,1,1.777777778,1971.333333,Logement-Régulier
Caserne 14 Grid7_3,Caserne 14,1,1.951219512,1986,Logement-Régulier
Caserne 04 Grid4_2,Caserne 04,2,1.470588235,1988.411765,Logement-Condominium
Caserne 46 Grid3_4,Caserne 46,1,2.125,1943.75,Logement-Régulier
Caserne 46 Grid1_2,Caserne 46,13,1.833333333,1952.444444,Logement-Régulier
Caserne 41 Grid2_1,Caserne 41,6,1.235294118,1949.176471,Logement-Régulier
Caserne 42 Grid7_4,Caserne 42,16,1.142857143,1981.214286,Logement-Condominium
Caserne 29 Grid3_2,Caserne 29,7,1.377358491,1985.207547,Logement-Condominium
Caserne 37 Grid4_3,Caserne 37,18,1.891566265,1959.26506,Logement-Régulier
Caserne 25 Grid4_4,Caserne 25,31,0.956873315,2015.509434,Logement-Condominium
Caserne 20 Grid1_0,Caserne 20,2,1.133333333,1992.466667,Logement-Condominium
caserne 47 Grid0_5,caserne 47,2,2,1900,Logement-Régulier
caserne 47 Grid3_4,caserne 47,18,1.551724138,1951.241379,Logement-Régulier
Caserne 33 Grid1_2,Caserne 33,2,2,1910,Logement-Régulier
Caserne 30 Grid1_2,Caserne 30,25,1.765625,1921.484375,Logement-Régulier
Caserne 14 Grid3_7,Caserne 14,4,1,1979,Immeuble commercial-Régulier
Caserne 30 Grid2_3,Caserne 30,17,1.465116279,1940.372093,Logement-Condominium
Caserne 32 Grid3_2,Caserne 32,2,1.4,1994,Logement-Condominium
Caserne 39 Grid5_3,Caserne 39,7,1.75,1960.65,Logement-Régulier
Caserne 03 Grid2_0,Caserne 03,4,1.334745763,1982.042373,Logement-Condominium
Caserne 09 Grid6_7,Caserne 09,2,1.857142857,1962.142857,Logement-Régulier
Caserne 31 Grid2_0,Caserne 31,6,1.590909091,1939.409091,Logement-Condominium
Caserne 44 Grid5_8,Caserne 44,2,1.738095238,1992.857143,Logement-Régulier
Caserne 26 Grid3_0,Caserne 26,3,1.642857143,1973.928571,Logement-Condominium
Caserne 37 Grid6_1,Caserne 37,9,1.905660377,1942.886792,Logement-Régulier
Caserne 15 Grid2_1,Caserne 15,1,1.083333333,1933.083333,Logement-Condominium
Caserne 45 Grid1_2,Caserne 45,6,1.442307692,1982.557692,Logement-Condominium
Caserne 40 Grid1_4,Caserne 40,4,1.333333333,1984.75,Logement-Condominium
Caserne 04 Grid5_0,Caserne 04,4,2.25,1955,Logement-Régulier
Caserne 37 Grid4_1,Caserne 37,16,1.571428571,1968.014286,Logement-Régulier
Caserne 56 Grid11_9,Caserne 56,2,2,1938.4,Logement-Régulier
Caserne 42 Grid9_0,Caserne 42,1,2,1955.333333,Logement-Régulier
Caserne 09 Grid4_1,Caserne 09,13,1.555555556,1957.962963,Logement-Régulier
Caserne 46 Grid2_3,Caserne 46,1,2.142857143,1951.942857,Logement-Régulier
Caserne 26 Grid2_1,Caserne 26,20,1.890243902,1913.902439,Logement-Régulier
Caserne 38 Grid7_10,Caserne 38,15,1,2005,Logement-Condominium
Caserne 30 Grid5_6,Caserne 30,14,1.325581395,1909.604651,Logement-Condominium
Caserne 40 Grid4_0,Caserne 40,2,1.6,1978.4,Logement-Régulier
Caserne 50 Grid1_4,Caserne 50,16,1.43902439,1987.170732,Logement-Condominium
Caserne 40 Grid1_2,Caserne 40,5,1.625,1961.041667,Logement-Régulier
Caserne 43 Grid0_4,Caserne 43,6,2.285714286,1944.285714,Logement-Régulier
caserne 47 Grid4_4,caserne 47,7,1.769230769,1954.384615,Logement-Condominium
Caserne 05 Grid1_3,Caserne 05,6,0.911764706,1962.852941,Logement-Condominium
Caserne 42 Grid9_1,Caserne 42,3,1.911764706,1955.911765,Logement-Régulier
Caserne 39 Grid4_1,Caserne 39,4,1,1955.5,Logement-Régulier
Caserne 46 Grid3_5,Caserne 46,11,2.875,1965.75,Logement-Régulier
Caserne 27 Grid3_4,Caserne 27,24,1.694444444,1969.277778,Logement-Condominium
Caserne 33 Grid4_2,Caserne 33,15,2,1939.235294,Logement-Régulier
Caserne 46 Grid4_3,Caserne 46,14,1.444444444,1976.851852,Logement-Condominium
Caserne 19 Grid1_1,Caserne 19,17,1.788461538,1945.115385,Logement-Régulier
Caserne 31 Grid0_2,Caserne 31,4,1.515625,1951.0625,Logement-Condominium
Caserne 27 Grid1_3,Caserne 27,11,1.777777778,1952.333333,Logement-Régulier
Caserne 30 Grid3_2,Caserne 30,16,1.558139535,1951.674419,Logement-Condominium
Caserne 30 Grid6_6,Caserne 30,11,2.142857143,1968.571429,Logement-Condominium
Caserne 31 Grid1_3,Caserne 31,3,1.75,1965.6875,Logement-Condominium
Caserne 19 Grid2_1,Caserne 19,14,1.916666667,1928.333333,Logement-Régulier
Caserne 35 Grid1_3,Caserne 35,1,0.909090909,1997.727273,Logement-Condominium
Caserne 35 Grid3_3,Caserne 35,10,2.032258065,1947.225806,Logement-Régulier
Caserne 03 Grid0_2,Caserne 03,7,1.227272727,1984.318182,Logement-Condominium
Caserne 15 Grid4_2,Caserne 15,11,1.555555556,1967.407407,Logement-Condominium
Caserne 14 Grid6_1,Caserne 14,2,1.375,1985.8125,Logement-Condominium
Caserne 44 Grid3_8,Caserne 44,4,2,1967,Logement-Régulier
Caserne 27 Grid4_3,Caserne 27,2,1.8,1935,Logement-Régulier
Caserne 50 Grid2_4,Caserne 50,11,2.071428571,1954.303571,Logement-Régulier
Caserne 34 Grid1_4,Caserne 34,9,1.886792453,1933.849057,Logement-Régulier
Caserne 34 Grid2_4,Caserne 34,13,1.695652174,1937.666667,Logement-Régulier
Caserne 13 Grid2_0,Caserne 13,7,2.692307692,1926.230769,Logement-Régulier
Caserne 43 Grid2_4,Caserne 43,7,2.166666667,1964.458333,Logement-Régulier
Caserne 37 Grid5_3,Caserne 37,3,2,1972,Logement-Condominium
Caserne 42 Grid8_2,Caserne 42,2,1.5,1965.625,Logement-Régulier
Caserne 44 Grid3_9,Caserne 44,5,1.571428571,1981.571429,Logement-Régulier
Caserne 25 Grid4_3,Caserne 25,21,1.566666667,1950.166667,Logement-Condominium
Caserne 38 Grid5_8,Caserne 38,1,1.181818182,1981.454545,Logement-Régulier
Caserne 19 Grid1_0,Caserne 19,12,1.61971831,1956.985915,Logement-Régulier
Caserne 42 Grid3_5,Caserne 42,1,2,1978,Logement-Régulier
Caserne 43 Grid1_1,Caserne 43,1,1.571428571,1966.857143,Logement-Régulier
Caserne 14 Grid4_7,Caserne 14,3,1,1986,Centre de distribution ou d'expédition de marchandises diverses-Condominium
Caserne 23 Grid6_2,Caserne 23,7,2.4,1917.8,Logement-Régulier
Caserne 14 Grid3_4,Caserne 14,4,1.382978723,1990.085106,Logement-Condominium
Caserne 39 Grid2_2,Caserne 39,1,2,1963.694444,Logement-Régulier
Caserne 33 Grid1_5,Caserne 33,3,1.407407407,1970.962963,Logement-Régulier
Caserne 38 Grid4_3,Caserne 38,1,2,1991,Logement-Régulier
Caserne 05 Grid0_1,Caserne 05,1,0.75,1953.25,Logement-Condominium
Caserne 49 Grid2_1,Caserne 49,1,2,1952,Logement-Régulier
Caserne 23 Grid8_1,Caserne 23,22,1.741935484,1945.032258,Logement-Régulier
Caserne 43 Grid0_3,Caserne 43,2,2,1969.5,Logement-Régulier
Caserne 41 Grid2_2,Caserne 41,15,2.320754717,1949.773585,Logement-Régulier
Caserne 50 Grid1_2,Caserne 50,5,1.259259259,1959.925926,Logement-Régulier
Caserne 38 Grid5_10,Caserne 38,1,1.388888889,1985.888889,Logement-Condominium
Caserne 34 Grid2_3,Caserne 34,5,2.037037037,1921.074074,Logement-Régulier
Caserne 05 Grid1_1,Caserne 05,29,2.642857143,1931,Logement-Régulier
Caserne 40 Grid2_4,Caserne 40,4,1.029411765,1951.264706,Logement-Régulier
Caserne 42 Grid10_2,Caserne 42,8,1.923076923,1960.730769,Logement-Régulier
Caserne 49 Grid3_3,Caserne 49,7,1.285714286,1970.571429,Autres transports par véhicule automobile-Régulier
Caserne 45 Grid2_2,Caserne 45,9,1.404255319,1986.510638,Logement-Condominium
Caserne 49 Grid5_3,Caserne 49,9,2,1962.125,Logement-Régulier
Caserne 15 Grid3_1,Caserne 15,7,1.333333333,1950.25,Logement-Régulier
Caserne 29 Grid5_2,Caserne 29,1,1.9,1954.5,Logement-Régulier
Caserne 13 Grid0_3,Caserne 13,3,2.166666667,1908.333333,Logement-Régulier
Caserne 38 Grid6_11,Caserne 38,4,1.2,1962.5,Logement-Régulier
Caserne 14 Grid3_3,Caserne 14,4,1,1983.230769,Logement-Condominium
Caserne 19 Grid0_2,Caserne 19,22,1.909090909,1955.272727,Logement-Condominium
Caserne 34 Grid0_3,Caserne 34,2,1.9,1931.05,Logement-Régulier
Caserne 33 Grid2_4,Caserne 33,8,1.93877551,1943.061224,Logement-Régulier
Caserne 38 Grid6_10,Caserne 38,5,1.135135135,1986.513514,Logement-Condominium
Caserne 42 Grid11_0,Caserne 42,3,1.428571429,1951,Logement-Régulier
Caserne 49 Grid3_4,Caserne 49,2,4.333333333,1961.666667,Entreposage de tout genre-Régulier
Caserne 14 Grid4_6,Caserne 14,2,1.92,2008.2,Logement-Régulier
Caserne 43 Grid4_6,Caserne 43,3,1.666666667,1966.888889,Logement-Régulier
Caserne 39 Grid6_3,Caserne 39,1,1.555555556,1964.111111,Logement-Régulier
Caserne 67 Grid2_4,Caserne 67,9,0.823529412,2013.029412,Logement-Condominium
Caserne 03 Grid1_2,Caserne 03,7,1.101123596,2010.404494,Logement-Condominium
Caserne 39 Grid3_0,Caserne 39,7,1,1989,Logement-Condominium
Caserne 34 Grid3_3,Caserne 34,18,2,1923.514286,Logement-Régulier
Caserne 39 Grid3_3,Caserne 39,8,1.740740741,1959.777778,Logement-Régulier
Caserne 35 Grid4_0,Caserne 35,6,1.857142857,1939.285714,Logement-Régulier
Caserne 48 Grid3_2,Caserne 48,1,2.714285714,1938.142857,Logement-Régulier
Caserne 34 Grid3_5,Caserne 34,1,2,1944,Logement-Régulier
Caserne 46 Grid3_2,Caserne 46,12,2.161290323,1952.354839,Logement-Régulier
Caserne 35 Grid4_1,Caserne 35,8,1.818181818,1948.636364,Logement-Régulier
Caserne 72 Grid2_1,Caserne 72,2,2,1975,Logement-Régulier
Caserne 50 Grid3_2,Caserne 50,7,2.026315789,1954.210526,Logement-Régulier
Caserne 05 Grid0_2,Caserne 05,11,1.03030303,1951.060606,Logement-Condominium
Caserne 44 Grid8_7,Caserne 44,1,2,1992.5,Logement-Régulier
Caserne 14 Grid6_4,Caserne 14,4,1.935483871,1982.580645,Logement-Régulier
Caserne 31 Grid3_2,Caserne 31,12,1.631578947,1950.526316,Logement-Régulier
Caserne 38 Grid7_13,Caserne 38,5,2,1947,Logement-Régulier
Caserne 10 Grid1_2,Caserne 10,2,2.277777778,1952.944444,Logement-Régulier
Caserne 27 Grid5_4,Caserne 27,21,1,1945,Logement-Condominium
Caserne 09 Grid7_3,Caserne 09,5,1.1,1951.4,Logement-Régulier
Caserne 09 Grid6_6,Caserne 09,11,1.627118644,1959.254237,Logement-Régulier
Caserne 19 Grid2_0,Caserne 19,10,1.75,1971.694444,Logement-Condominium
Caserne 30 Grid4_1,Caserne 30,7,2.1,1928,Logement-Régulier
Caserne 35 Grid4_2,Caserne 35,9,1.866666667,1964.533333,Logement-Régulier
Caserne 33 Grid1_3,Caserne 33,5,1.733333333,1945.966667,Logement-Régulier
Caserne 05 Grid1_0,Caserne 05,15,2.114285714,1925.571429,Logement-Condominium
Caserne 14 Grid5_6,Caserne 14,2,1.65,1995.75,Logement-Régulier
Caserne 40 Grid3_0,Caserne 40,1,1.555555556,1967.222222,Logement-Régulier
Caserne 41 Grid4_0,Caserne 41,10,1.676056338,1950.619718,Logement-Régulier
Caserne 44 Grid4_10,Caserne 44,5,1,1966.5,Logement-Régulier
Caserne 48 Grid2_4,Caserne 48,13,1.742857143,1962.628571,Logement-Régulier
Caserne 29 Grid2_3,Caserne 29,17,1.31884058,1992.869565,Logement-Condominium
Caserne 23 Grid7_1,Caserne 23,1,1.061538462,1933.676923,Logement-Condominium
caserne 47 Grid2_5,caserne 47,9,1.704545455,1973.352273,Logement-Condominium
Caserne 26 Grid4_1,Caserne 26,6,1.777777778,1929.444444,Logement-Régulier
Caserne 05 Grid2_1,Caserne 05,7,1.052631579,1997.157895,Logement-Condominium
Caserne 38 Grid6_9,Caserne 38,2,1.4,1979.8,Logement-Régulier
Caserne 16 Grid2_3,Caserne 16,27,1.835820896,1923.253731,Logement-Régulier
Caserne 34 Grid0_1,Caserne 34,9,1.878787879,1929.787879,Logement-Régulier
Caserne 50 Grid4_0,Caserne 50,1,2,1984.166667,Logement-Régulier
Caserne 34 Grid0_0,Caserne 34,11,2,1942.857143,Logement-Régulier
Caserne 39 Grid1_1,Caserne 39,8,1.933333333,1973.266667,Logement-Régulier
Caserne 26 Grid4_0,Caserne 26,7,1.428571429,1927.857143,Logement-Régulier
Caserne 03 Grid2_1,Caserne 03,16,1.061674009,2015.951542,Logement-Condominium
Caserne 40 Grid5_5,Caserne 40,7,2,1962.090909,Logement-Régulier
Caserne 43 Grid2_5,Caserne 43,1,1.44,1959.36,Logement-Régulier
Caserne 27 Grid0_2,Caserne 27,3,2,1947.25,Logement-Régulier
Caserne 42 Grid9_4,Caserne 42,14,1.529411765,1962.647059,Logement-Régulier
Caserne 38 Grid6_5,Caserne 38,7,1.071428571,2013.142857,Logement-Condominium
Caserne 14 Grid5_5,Caserne 14,7,1.4375,1982.4375,Logement-Régulier
Caserne 37 Grid7_1,Caserne 37,3,2,1959.166667,Logement-Régulier
Caserne 27 Grid4_6,Caserne 27,3,1.8,1933.666667,Logement-Régulier
Caserne 38 Grid4_8,Caserne 38,1,1.5,1986.071429,Logement-Régulier
Caserne 14 Grid3_5,Caserne 14,1,1.866666667,1995.166667,Logement-Régulier
Caserne 39 Grid0_3,Caserne 39,2,2,1970.333333,Logement-Régulier
Caserne 42 Grid12_3,Caserne 42,5,1.75,1960.4375,Logement-Régulier
Caserne 20 Grid2_4,Caserne 20,5,0.875,1966.5,Logement-Condominium
Caserne 37 Grid2_1,Caserne 37,5,1.928571429,1971.071429,Logement-Régulier
Caserne 27 Grid1_0,Caserne 27,3,2,1948.714286,Logement-Régulier
Caserne 37 Grid3_4,Caserne 37,7,1.964285714,1940.928571,Logement-Régulier
Caserne 40 Grid1_3,Caserne 40,5,1.714285714,1968.142857,Logement-Régulier
Caserne 16 Grid2_2,Caserne 16,23,1.862068966,1927.448276,Logement-Condominium
Caserne 04 Grid7_1,Caserne 04,2,1,1988,Logement-Condominium
Caserne 04 Grid3_1,Caserne 04,14,1.228070175,2008.350877,Logement-Condominium
Caserne 14 Grid2_5,Caserne 14,4,1,1982.666667,Logement-Régulier
Caserne 38 Grid2_11,Caserne 38,6,0,1989.714286,Autres entreposages-Condominium
Caserne 33 Grid2_3,Caserne 33,9,1.897058824,1941.867647,Logement-Régulier
Caserne 38 Grid3_9,Caserne 38,2,0.5,1981.5,Autres activités d'impression commerciale-Régulier
Caserne 23 Grid9_2,Caserne 23,6,1.5,1983.25,Logement-Condominium
Caserne 16 Grid3_1,Caserne 16,12,7,1964,Logement-Régulier
Caserne 46 Grid0_4,Caserne 46,1,1.571428571,1959.190476,Logement-Régulier
Caserne 41 Grid1_2,Caserne 41,11,2.107142857,1953.428571,Logement-Régulier
Caserne 45 Grid4_2,Caserne 45,3,3,1926.5,Logement-Régulier
Caserne 30 Grid3_1,Caserne 30,21,1.62962963,1953.617284,Logement-Condominium
Caserne 42 Grid10_4,Caserne 42,3,1.333333333,1954.166667,Logement-Régulier
Caserne 23 Grid8_2,Caserne 23,17,1.583333333,1947.395833,Logement-Condominium
Caserne 49 Grid1_5,Caserne 49,10,1.338709677,1997.516129,Logement-Condominium
Caserne 40 Grid4_1,Caserne 40,7,1.543478261,1967.956522,Logement-Régulier
Caserne 39 Grid6_5,Caserne 39,4,1.666666667,1959.714286,Logement-Régulier
Caserne 49 Grid2_2,Caserne 49,9,1.848484848,1969.575758,Logement-Régulier
Caserne 48 Grid0_3,Caserne 48,5,1.666666667,1977.333333,Logement-Condominium
Caserne 09 Grid0_3,Caserne 09,3,2,1960.533333,Logement-Régulier
Caserne 43 Grid3_2,Caserne 43,3,1.888888889,1957.962963,Logement-Régulier
Caserne 38 Grid6_13,Caserne 38,17,2.6,1926.6,Logement-Régulier
Caserne 09 Grid7_6,Caserne 09,11,1.444444444,1953.111111,Logement-Régulier
Caserne 50 Grid0_3,Caserne 50,8,1.777777778,1978.111111,Logement-Régulier
Caserne 41 Grid4_1,Caserne 41,8,1.08988764,2008.460674,Logement-Condominium
Caserne 39 Grid1_3,Caserne 39,7,2,1970.62963,Logement-Régulier
Caserne 45 Grid0_1,Caserne 45,7,1,1961,Autres activités d'impression commerciale-Régulier
Caserne 40 Grid3_3,Caserne 40,6,1.689655172,1959.62069,Logement-Régulier
Caserne 29 Grid4_1,Caserne 29,16,1.520547945,1983.287671,Logement-Condominium
Caserne 43 Grid3_3,Caserne 43,4,1.962962963,1962.925926,Logement-Régulier
Caserne 48 Grid1_5,Caserne 48,1,3,1963,Logement-Régulier
Caserne 19 Grid2_3,Caserne 19,12,1.393939394,1988.939394,Logement-Condominium
Caserne 16 Grid0_1,Caserne 16,13,1.716666667,1918.8,Logement-Régulier
Caserne 35 Grid2_2,Caserne 35,1,1.714285714,1947,Logement-Régulier
Caserne 27 Grid3_0,Caserne 27,6,1.222222222,1977.388889,Logement-Condominium
Caserne 43 Grid3_4,Caserne 43,6,1.454545455,1961.212121,Logement-Régulier
Caserne 40 Grid2_3,Caserne 40,4,1.451612903,1954.580645,Logement-Régulier
Caserne 35 Grid3_2,Caserne 35,13,1.694444444,1967.555556,Logement-Régulier
Caserne 27 Grid1_1,Caserne 27,11,2,1952.25,Logement-Régulier
Caserne 05 Grid0_3,Caserne 05,17,0.686746988,1981.53012,Logement-Condominium
Caserne 40 Grid3_5,Caserne 40,1,1.230769231,1975.102564,Logement-Condominium
Caserne 50 Grid5_1,Caserne 50,1,1.15625,1986.5,Logement-Condominium
Caserne 09 Grid5_1,Caserne 09,8,2.2,1955.2,Logement-Régulier
Caserne 40 Grid4_3,Caserne 40,3,1.619047619,1962.119048,Logement-Régulier
Caserne 25 Grid3_4,Caserne 25,19,0.908163265,2014.102041,Logement-Condominium
Caserne 14 Grid2_3,Caserne 14,2,2,1989.571429,Logement-Régulier
Caserne 38 Grid3_10,Caserne 38,3,1,1987,Autres activités d'impression commerciale-Régulier
Caserne 23 Grid6_4,Caserne 23,20,1.5,1969.204545,Logement-Condominium
Caserne 09 Grid1_3,Caserne 09,5,1.666666667,1971.555556,Logement-Régulier
Caserne 50 Grid3_3,Caserne 50,5,1.266666667,1950.533333,Logement-Régulier
Caserne 27 Grid2_3,Caserne 27,22,2.357142857,1953.071429,Logement-Régulier
Caserne 48 Grid0_4,Caserne 48,3,1.851851852,1955.925926,Logement-Régulier
Caserne 35 Grid2_5,Caserne 35,1,1.5,1957.5,Logement-Régulier
Caserne 33 Grid4_3,Caserne 33,4,1.782608696,1951.673913,Logement-Régulier
Caserne 14 Grid5_3,Caserne 14,3,1.411764706,1982.764706,Logement-Régulier
Caserne 39 Grid1_0,Caserne 39,3,2,1976.090909,Logement-Régulier
Caserne 30 Grid2_1,Caserne 30,5,1.137931034,1994.603448,Logement-Condominium
Caserne 49 Grid3_5,Caserne 49,9,1,1966,Entreposage de tout genre-Régulier
Caserne 19 Grid1_4,Caserne 19,30,1.533333333,1965.877778,Logement-Condominium
Caserne 14 Grid2_4,Caserne 14,6,1.7,1985.15,Logement-Régulier
Caserne 09 Grid6_4,Caserne 09,16,1.52173913,1973.586957,Logement-Régulier
Caserne 44 Grid2_12,Caserne 44,8,1.9375,1998.125,Logement-Régulier
caserne 47 Grid2_6,caserne 47,1,2,1926.5,Logement-Régulier
Caserne 29 Grid1_3,Caserne 29,11,1.684210526,1961,Logement-Régulier
Caserne 35 Grid2_4,Caserne 35,4,1.666666667,1959.4,Logement-Régulier
Caserne 33 Grid2_2,Caserne 33,18,1.393442623,1960.868852,Logement-Régulier
Caserne 37 Grid2_4,Caserne 37,4,2.5,1956.166667,Logement-Régulier
Caserne 46 Grid4_0,Caserne 46,4,1.6,1946.08,Logement-Régulier
Caserne 20 Grid0_4,Caserne 20,9,1.068965517,1966.413793,Logement-Condominium
Caserne 33 Grid4_1,Caserne 33,7,1.166666667,1961,Logement-Régulier
Caserne 09 Grid2_3,Caserne 09,13,1.892307692,1962.769231,Logement-Régulier
caserne 47 Grid1_5,caserne 47,11,1.813953488,1950.651163,Logement-Régulier
Caserne 39 Grid2_4,Caserne 39,4,1.806451613,1960.451613,Logement-Régulier
Caserne 50 Grid1_5,Caserne 50,3,3,2003,Maison d'étudiants (collège et université)-Régulier
Caserne 33 Grid4_4,Caserne 33,2,1.8,1951.75,Logement-Régulier
Caserne 38 Grid3_12,Caserne 38,3,2,1971.333333,Logement-Régulier
Caserne 15 Grid4_3,Caserne 15,4,2.6,1925.2,Logement-Régulier
Caserne 37 Grid3_0,Caserne 37,2,2.666666667,1957.833333,Logement-Régulier
Caserne 20 Grid1_5,Caserne 20,4,0.918032787,2008.196721,Logement-Condominium
Caserne 41 Grid5_0,Caserne 41,4,2,1935.5,Logement-Régulier
Caserne 34 Grid1_3,Caserne 34,6,1.716981132,1942.603774,Logement-Régulier
Caserne 42 Grid10_1,Caserne 42,6,1.9,1972.9,Logement-Régulier
Caserne 49 Grid2_4,Caserne 49,4,1.333333333,1996.833333,Logement-Condominium
Caserne 19 Grid0_1,Caserne 19,9,1.9,1977.5,Logement-Condominium
Caserne 15 Grid2_4,Caserne 15,2,1.833333333,1930,Logement-Régulier
Caserne 30 Grid5_4,Caserne 30,16,1.638888889,1908.527778,Logement-Régulier
Caserne 49 Grid6_2,Caserne 49,6,1.666666667,1945.875,Logement-Régulier
Caserne 33 Grid2_5,Caserne 33,5,1.794871795,1951.384615,Logement-Régulier
Caserne 46 Grid0_3,Caserne 46,4,1.53125,1967.09375,Logement-Régulier
Caserne 38 Grid3_8,Caserne 38,1,1.894736842,1990.473684,Logement-Régulier
Caserne 33 Grid3_4,Caserne 33,10,1.678571429,1959.160714,Logement-Régulier
Caserne 32 Grid4_1,Caserne 32,2,1.785714286,1990.571429,Logement-Régulier
Caserne 38 Grid6_8,Caserne 38,5,1,1973,Logement-Condominium
Caserne 40 Grid3_1,Caserne 40,8,1.803921569,1971.470588,Logement-Régulier
Caserne 27 Grid2_0,Caserne 27,8,2,1955.571429,Logement-Régulier
Caserne 42 Grid12_2,Caserne 42,2,1.529411765,1966.294118,Logement-Régulier
Caserne 42 Grid6_2,Caserne 42,1,2,1965.333333,Logement-Régulier
Caserne 31 Grid0_3,Caserne 31,3,1.571428571,1985.857143,Logement-Condominium
Caserne 27 Grid2_1,Caserne 27,42,1.793103448,1977.62069,Logement-Régulier
Caserne 14 Grid5_1,Caserne 14,1,1.304347826,1976.826087,Logement-Régulier
Caserne 20 Grid2_0,Caserne 20,1,0.9375,2019,Logement-Condominium
Caserne 09 Grid8_4,Caserne 09,16,1.529411765,1959.647059,Logement-Régulier
Caserne 27 Grid3_3,Caserne 27,10,2.1,1943.6,Logement-Régulier
Caserne 09 Grid1_2,Caserne 09,5,1.653846154,1971.423077,Logement-Régulier
Caserne 14 Grid4_4,Caserne 14,6,1.78,1981.3,Logement-Régulier
Caserne 25 Grid5_4,Caserne 25,10,0.159090909,2005.295455,Logement-Condominium
caserne 47 Grid1_3,caserne 47,10,1.928571429,1952.089286,Logement-Régulier
Caserne 49 Grid3_6,Caserne 49,2,1,1969,Entreposage de tout genre-Régulier
Caserne 33 Grid3_1,Caserne 33,7,1.25,2001.75,Logement-Condominium
Caserne 26 Grid1_0,Caserne 26,13,1.875,1927.675,Logement-Régulier
Caserne 23 Grid8_0,Caserne 23,7,2.583333333,1923.333333,Logement-Régulier
Caserne 30 Grid0_1,Caserne 30,1,2.6,1910,Logement-Régulier
Caserne 38 Grid6_4,Caserne 38,2,1.166666667,2006.066667,Logement-Condominium
Caserne 26 Grid3_1,Caserne 26,20,1.84375,1934.34375,Logement-Condominium
Caserne 50 Grid2_1,Caserne 50,4,2,1958.2,Logement-Régulier
Caserne 14 Grid6_5,Caserne 14,2,1,1984,Autres transports par véhicule automobile-Régulier
Caserne 09 Grid6_3,Caserne 09,7,1.8,1960,Logement-Régulier
Caserne 15 Grid4_1,Caserne 15,1,2,2012,Entreposage de tout genre-Régulier
Caserne 40 Grid4_5,Caserne 40,3,1.666666667,1960.921569,Logement-Régulier
Caserne 50 Grid2_3,Caserne 50,8,1.666666667,1940.380952,Logement-Régulier
Caserne 09 Grid8_5,Caserne 09,9,1.909090909,1958,Logement-Régulier
Caserne 27 Grid2_4,Caserne 27,20,1.80952381,1964,Logement-Régulier
Caserne 28 Grid5_4,Caserne 28,3,2,1986,Logement-Régulier
Caserne 09 Grid6_5,Caserne 09,14,1.846153846,1962.153846,Logement-Régulier
Caserne 09 Grid9_4,Caserne 09,1,2,1949,Logement-Régulier
Caserne 42 Grid8_4,Caserne 42,14,2,1967.529412,Logement-Régulier
Caserne 44 Grid9_6,Caserne 44,1,2,2015.5,Logement-Régulier
Caserne 44 Grid0_10,Caserne 44,1,1,1984,Logement-Régulier
Caserne 35 Grid5_1,Caserne 35,4,1.714285714,1959.952381,Logement-Régulier
Caserne 30 Grid4_2,Caserne 30,9,1.236842105,1959.5,Logement-Condominium
Caserne 19 Grid1_2,Caserne 19,13,1.794871795,1946.307692,Logement-Condominium
Caserne 20 Grid1_3,Caserne 20,18,0.5625,1964.48125,Logement-Condominium
Caserne 09 Grid6_2,Caserne 09,8,1.888888889,1964.166667,Logement-Régulier
Caserne 43 Grid2_2,Caserne 43,3,1.775,1956.4,Logement-Régulier
Caserne 16 Grid3_0,Caserne 16,5,0.879120879,1952.076923,Logement-Condominium
Caserne 41 Grid4_2,Caserne 41,7,2.181818182,1949.909091,Logement-Régulier
Caserne 37 Grid4_4,Caserne 37,3,3.5,1961.5,Logement-Condominium
Caserne 09 Grid4_0,Caserne 09,2,2,1965.666667,Logement-Régulier
Caserne 42 Grid7_5,Caserne 42,3,1,2010,Logement-Condominium
Caserne 09 Grid5_2,Caserne 09,11,1.625,1955.1875,Logement-Régulier
Caserne 43 Grid6_6,Caserne 43,2,2,1985,Logement-Régulier
Caserne 26 Grid2_2,Caserne 26,6,1.545454545,1939.545455,Logement-Condominium
Caserne 49 Grid1_3,Caserne 49,2,1.96875,1954.71875,Logement-Régulier
Caserne 37 Grid5_0,Caserne 37,1,1.76,1954.68,Logement-Régulier
Caserne 43 Grid5_7,Caserne 43,2,1.192307692,1986.384615,Logement-Condominium
Caserne 48 Grid1_3,Caserne 48,9,1.730769231,1966.807692,Logement-Régulier
Caserne 05 Grid1_2,Caserne 05,20,0.84375,1991.614583,Logement-Condominium
Caserne 29 Grid0_2,Caserne 29,10,2.078947368,1940.394737,Logement-Régulier
Caserne 32 Grid4_3,Caserne 32,5,1.272727273,1985.727273,Logement-Régulier
Caserne 46 Grid4_4,Caserne 46,4,1,1951,Autres industries de produits manufacturés-Régulier
Caserne 34 Grid2_5,Caserne 34,10,1.285714286,1995.178571,Logement-Condominium
Caserne 13 Grid0_2,Caserne 13,14,2.181818182,1926.318182,Logement-Régulier
Caserne 35 Grid3_1,Caserne 35,3,1.466666667,1973.2,Logement-Régulier
Caserne 49 Grid1_4,Caserne 49,24,1.524590164,1984.344262,Logement-Condominium
Caserne 34 Grid3_4,Caserne 34,8,1.796296296,1972.814815,Logement-Régulier
Caserne 42 Grid8_5,Caserne 42,14,1.5,1995.2,Logement-Condominium
Caserne 40 Grid3_2,Caserne 40,7,1.695652174,1959.891304,Logement-Régulier
Caserne 04 Grid6_3,Caserne 04,17,2.5,1945.6875,Logement-Régulier
Caserne 42 Grid11_2,Caserne 42,3,1.611111111,1959.444444,Logement-Régulier
Caserne 19 Grid1_3,Caserne 19,24,1.648148148,1951.833333,Logement-Condominium
Caserne 25 Grid5_5,Caserne 25,3,0.679245283,1997.981132,Logement-Condominium
Caserne 26 Grid3_2,Caserne 26,3,1.75,1923.416667,Logement-Condominium
Caserne 04 Grid2_1,Caserne 04,2,1,1956,"Service de garderie (prématernelle, moins de 50 % de poupons)-Régulier"
Caserne 42 Grid8_1,Caserne 42,1,1.5,1957.5,Logement-Régulier
Caserne 42 Grid4_6,Caserne 42,3,2,1993.666667,Logement-Régulier
Caserne 48 Grid0_2,Caserne 48,6,1.5,2000.8,Logement-Condominium
Caserne 20 Grid2_2,Caserne 20,11,1.088888889,1975.8,Logement-Condominium
Caserne 50 Grid0_2,Caserne 50,1,1,1946,Logement-Régulier
Caserne 49 Grid5_2,Caserne 49,10,1.666666667,1961.333333,Logement-Régulier
Caserne 33 Grid3_2,Caserne 33,18,1.936507937,1941.714286,Logement-Régulier
Caserne 23 Grid8_3,Caserne 23,4,1.317460317,1990.904762,Logement-Condominium
Caserne 13 Grid2_2,Caserne 13,15,2.185185185,1960.62963,Logement-Condominium
Caserne 49 Grid2_3,Caserne 49,3,2.1,1959.2,Logement-Régulier
Caserne 42 Grid8_3,Caserne 42,6,1.259259259,1954.074074,Logement-Régulier
Caserne 44 Grid8_5,Caserne 44,4,1.642857143,2011.428571,Logement-Régulier
Caserne 41 Grid3_2,Caserne 41,37,2.282608696,1947.369565,Logement-Régulier
Caserne 27 Grid3_1,Caserne 27,15,0.987804878,1981.829268,Logement-Condominium
Caserne 38 Grid3_11,Caserne 38,1,0.5,1983.5,Autres activités d'impression commerciale-Régulier
Caserne 39 Grid3_4,Caserne 39,7,1.532258065,1978.596774,Logement-Condominium
Caserne 45 Grid3_2,Caserne 45,15,2.379310345,1939.068966,Logement-Régulier
Caserne 40 Grid5_3,Caserne 40,3,1.75,1961,Logement-Régulier
Caserne 50 Grid2_0,Caserne 50,5,1.6,1976.2,Logement-Régulier
Caserne 35 Grid5_2,Caserne 35,3,1.772727273,1966.5,Logement-Régulier
Caserne 50 Grid4_2,Caserne 50,1,1.392857143,1948.642857,Logement-Régulier
Caserne 04 Grid5_4,Caserne 04,4,2,1943.5,Logement-Régulier
Caserne 29 Grid4_3,Caserne 29,4,1.551724138,1991.241379,Logement-Condominium
Caserne 46 Grid4_2,Caserne 46,4,1.139534884,1978.325581,Logement-Condominium
Caserne 33 Grid5_0,Caserne 33,3,1,1941,Atelier d'usinage-Régulier
Caserne 05 Grid2_0,Caserne 05,11,1.5,1935.071429,Logement-Condominium
Caserne 09 Grid7_4,Caserne 09,9,1.446428571,1978.5,Logement-Régulier
Caserne 49 Grid5_1,Caserne 49,2,1.947368421,1958.210526,Logement-Régulier
Caserne 20 Grid0_2,Caserne 20,2,4,1895,Immeuble commercial-Régulier
Caserne 10 Grid4_3,Caserne 10,26,1.436619718,1988.683099,Logement-Condominium
Caserne 41 Grid3_3,Caserne 41,19,2.34375,1953.40625,Logement-Régulier
Caserne 27 Grid0_3,Caserne 27,3,1.857142857,1946.142857,Logement-Régulier
Caserne 46 Grid3_3,Caserne 46,3,1.833333333,1950.388889,Logement-Régulier
Caserne 41 Grid3_1,Caserne 41,2,1.347826087,2001.956522,Logement-Condominium
Caserne 03 Grid3_1,Caserne 03,13,1,2015.636364,Logement-Condominium
Caserne 04 Grid5_1,Caserne 04,10,1.842105263,1953.052632,Logement-Régulier
Caserne 34 Grid1_5,Caserne 34,2,1.538461538,1950.923077,Logement-Condominium
Caserne 42 Grid10_0,Caserne 42,2,1.8,1965.1,Logement-Condominium
Caserne 44 Grid7_6,Caserne 44,1,1,1983,Logement-Régulier
Caserne 37 Grid4_0,Caserne 37,15,2.069767442,1956.883721,Logement-Régulier
Caserne 46 Grid2_2,Caserne 46,23,1.85106383,1960.042553,Logement-Régulier
Caserne 50 Grid1_3,Caserne 50,12,2,1953.863636,Logement-Régulier
Caserne 41 Grid1_1,Caserne 41,10,1.805555556,1953.333333,Logement-Régulier
Caserne 30 Grid2_2,Caserne 30,20,1.884057971,1938.115942,Logement-Régulier
Caserne 29 Grid4_0,Caserne 29,5,1.6,1960.6,Logement-Régulier
Caserne 04 Grid6_2,Caserne 04,11,2.166666667,1955.055556,Logement-Régulier
Caserne 04 Grid6_4,Caserne 04,6,1.888888889,1938.703704,Logement-Régulier
Caserne 16 Grid1_1,Caserne 16,15,1.72815534,1933.572816,Logement-Condominium
Caserne 49 Grid7_1,Caserne 49,2,0.85106383,2004.851064,Logement-Condominium
Caserne 05 Grid0_4,Caserne 05,1,0.96969697,2015.924242,Logement-Condominium
Caserne 29 Grid1_2,Caserne 29,6,2.206896552,1932.83908,Logement-Régulier
Caserne 29 Grid2_2,Caserne 29,17,2.287878788,1931.681818,Logement-Régulier
Caserne 40 Grid4_4,Caserne 40,14,1.923076923,1955,Logement-Régulier
Caserne 39 Grid6_6,Caserne 39,4,2.142857143,1966.071429,Logement-Régulier
Caserne 43 Grid2_1,Caserne 43,10,1.64516129,1968.709677,Logement-Régulier
Caserne 43 Grid1_3,Caserne 43,4,1.842105263,1955.473684,Logement-Régulier
Caserne 10 Grid1_3,Caserne 10,1,2,1930,Logement-Régulier
Caserne 25 Grid3_3,Caserne 25,20,0.819444444,1975.75,Logement-Condominium
Caserne 49 Grid4_0,Caserne 49,2,1.44,1970.68,Logement-Régulier
Caserne 43 Grid1_4,Caserne 43,1,1.931034483,1960.448276,Logement-Régulier
Caserne 42 Grid11_3,Caserne 42,3,1.677419355,1959.129032,Logement-Régulier
Caserne 49 Grid0_4,Caserne 49,6,1.090909091,1987.060606,Logement-Condominium
Caserne 09 Grid2_0,Caserne 09,4,2,1968,Logement-Condominium
Caserne 30 Grid3_0,Caserne 30,8,1.095238095,1995.888889,Logement-Condominium
Caserne 39 Grid5_2,Caserne 39,1,1.892857143,1977.607143,Logement-Régulier
Caserne 46 Grid1_1,Caserne 46,9,2,1954.375,Logement-Régulier
Caserne 39 Grid7_6,Caserne 39,4,2.181818182,1965.363636,Logement-Régulier
Caserne 39 Grid0_1,Caserne 39,2,2,1978,Logement-Régulier
Caserne 40 Grid4_2,Caserne 40,13,1.58974359,1964.461538,Logement-Régulier
Caserne 10 Grid2_3,Caserne 10,4,2.285714286,1963.428571,Logement-Régulier
Caserne 04 Grid4_0,Caserne 04,4,1,1954,Logement-Régulier
Caserne 09 Grid5_3,Caserne 09,3,2.25,1972.75,Logement-Régulier
Caserne 40 Grid0_1,Caserne 40,2,1.727272727,1979.818182,Logement-Régulier
Caserne 42 Grid12_1,Caserne 42,3,1.578947368,1964.263158,Logement-Régulier
Caserne 44 Grid5_7,Caserne 44,2,1.92,1997.84,Logement-Régulier
Caserne 09 Grid5_4,Caserne 09,9,1.9,1958.95,Logement-Régulier
Caserne 75 Grid4_2,Caserne 75,3,2.076923077,1945.961538,Logement-Régulier
Caserne 04 Grid7_3,Caserne 04,9,2.125,1944.8125,Logement-Régulier
Caserne 48 Grid0_5,Caserne 48,2,2.4,1941.9,Logement-Régulier
Caserne 14 Grid7_4,Caserne 14,1,2,1986.875,Logement-Régulier
Caserne 37 Grid1_2,Caserne 37,10,1.907407407,1951.5,Logement-Régulier
Caserne 43 Grid3_1,Caserne 43,3,1.111111111,1979.222222,Logement-Régulier
Caserne 25 Grid4_5,Caserne 25,7,1.254545455,1975.381818,Logement-Condominium
Caserne 43 Grid4_2,Caserne 43,1,2,1960.823529,Logement-Régulier
Caserne 30 Grid6_4,Caserne 30,5,2,1898.75,Logement-Régulier
Caserne 42 Grid5_6,Caserne 42,1,2,1989,Logement-Régulier
Caserne 16 Grid1_3,Caserne 16,29,1.828282828,1925.484848,Logement-Régulier
Caserne 46 Grid1_4,Caserne 46,4,1.851851852,1953.407407,Logement-Régulier
Caserne 40 Grid2_1,Caserne 40,9,2.057142857,1977.971429,Logement-Régulier
Caserne 26 Grid2_0,Caserne 26,11,1.942857143,1959.657143,Logement-Condominium
caserne 47 Grid2_3,caserne 47,20,1.926470588,1942.397059,Logement-Régulier
Caserne 33 Grid3_5,Caserne 33,1,1.590909091,1953.272727,Logement-Régulier
Caserne 45 Grid2_0,Caserne 45,2,2,1958.5,Logement-Régulier
Caserne 14 Grid6_2,Caserne 14,3,1.225806452,1983.83871,Logement-Régulier
Caserne 42 Grid5_4,Caserne 42,2,1.6,1966.3,Logement-Régulier
Caserne 44 Grid3_11,Caserne 44,2,1,1990.4375,Logement-Condominium
Caserne 43 Grid3_5,Caserne 43,2,1.142857143,1976.333333,Logement-Condominium
Caserne 37 Grid2_2,Caserne 37,11,2.083333333,1934.892857,Logement-Régulier
Caserne 49 Grid5_0,Caserne 49,5,1.846153846,1981.692308,Logement-Régulier
Caserne 44 Grid2_11,Caserne 44,1,1.714285714,1988.928571,Logement-Régulier
Caserne 49 Grid4_4,Caserne 49,5,1.952380952,1959.357143,Logement-Régulier
Caserne 50 Grid3_4,Caserne 50,1,2,1954.5,Logement-Condominium
Caserne 37 Grid1_3,Caserne 37,10,1.95,1943.883333,Logement-Régulier
Caserne 44 Grid3_10,Caserne 44,7,1,1987,Logement-Régulier
Caserne 35 Grid2_3,Caserne 35,3,1.772727273,1945.045455,Logement-Régulier
Caserne 49 Grid0_5,Caserne 49,2,1.25,1987.5,Logement-Régulier
Caserne 39 Grid2_3,Caserne 39,4,1.931034483,1968.724138,Logement-Régulier
Caserne 29 Grid1_1,Caserne 29,11,2.058823529,1945.117647,Logement-Régulier
Caserne 38 Grid5_5,Caserne 38,9,3,1967.333333,Logement-Régulier
Caserne 29 Grid2_0,Caserne 29,12,2.176470588,1945.058824,Logement-Régulier
Caserne 49 Grid2_5,Caserne 49,2,0.428571429,1982.714286,Logement-Condominium
Caserne 43 Grid4_5,Caserne 43,2,2,1966.454545,Logement-Régulier
Caserne 39 Grid1_2,Caserne 39,3,2,1968.9,Logement-Régulier
Caserne 20 Grid2_3,Caserne 20,7,1.058823529,1883.5,Logement-Condominium
Caserne 13 Grid1_2,Caserne 13,16,2.074074074,1944.407407,Logement-Régulier
Caserne 15 Grid3_3,Caserne 15,13,1.939393939,1909.151515,Logement-Régulier
Caserne 32 Grid4_2,Caserne 32,4,0.96969697,1999.575758,Logement-Condominium
Caserne 14 Grid7_2,Caserne 14,3,1.771428571,1991.285714,Logement-Régulier
Caserne 49 Grid6_1,Caserne 49,1,1,1974.736842,Logement-Condominium
Caserne 43 Grid1_2,Caserne 43,6,1.56,1969.88,Logement-Régulier
Caserne 31 Grid2_1,Caserne 31,7,2.075,1919.175,Logement-Régulier
Caserne 49 Grid6_0,Caserne 49,1,2,1984.666667,Logement-Régulier
Caserne 40 Grid5_6,Caserne 40,3,1.736842105,1960.394737,Logement-Régulier
Caserne 40 Grid5_4,Caserne 40,2,1.75,1978.25,Logement-Condominium
Caserne 34 Grid4_4,Caserne 34,1,2.142857143,1924,Logement-Régulier
caserne 47 Grid3_0,caserne 47,8,1.95,1950.2,Logement-Régulier
Caserne 38 Grid4_7,Caserne 38,7,1,1987,Logement-Régulier
Caserne 38 Grid5_4,Caserne 38,1,1.604651163,1994.139535,Logement-Régulier
Caserne 46 Grid4_1,Caserne 46,2,1.615384615,1953.153846,Logement-Régulier
caserne 47 Grid4_1,caserne 47,5,2,1952,Logement-Régulier
Caserne 10 Grid3_2,Caserne 10,30,1.588235294,1955.294118,Logement-Condominium
Caserne 27 Grid3_5,Caserne 27,5,1.666666667,1950.666667,Logement-Régulier
Caserne 04 Grid4_3,Caserne 04,6,1.909090909,1954.272727,Logement-Régulier
caserne 47 Grid3_1,caserne 47,7,2.117647059,1945.470588,Logement-Régulier
Caserne 39 Grid4_5,Caserne 39,11,1.672727273,1956.254545,Logement-Régulier
Caserne 44 Grid2_9,Caserne 44,2,2,1990.2,Logement-Régulier
Caserne 20 Grid0_3,Caserne 20,7,1.188235294,1989.223529,Logement-Condominium
Caserne 20 Grid1_1,Caserne 20,37,0.962962963,1995.283951,Logement-Condominium
Caserne 38 Grid5_7,Caserne 38,3,2,1973.428571,Logement-Régulier
Caserne 37 Grid5_1,Caserne 37,19,1.836734694,1951.489796,Logement-Régulier
Caserne 38 Grid4_9,Caserne 38,4,1.058823529,1985.411765,Logement-Régulier
caserne 47 Grid1_2,caserne 47,9,1.916666667,1940.666667,Logement-Régulier
Caserne 37 Grid6_2,Caserne 37,9,2,1946.2,Logement-Régulier
Caserne 42 Grid5_5,Caserne 42,1,1.904761905,1970.904762,Logement-Régulier
Caserne 09 Grid2_4,Caserne 09,1,1.9,1967.6,Logement-Régulier
Caserne 44 Grid4_9,Caserne 44,5,1.75,2001.625,Logement-Régulier
Caserne 34 Grid3_2,Caserne 34,9,2,1920.333333,Logement-Régulier
Caserne 49 Grid3_2,Caserne 49,7,1.818181818,1956.181818,Logement-Régulier
Caserne 26 Grid1_2,Caserne 26,5,2.214285714,1910.285714,Logement-Régulier
Caserne 09 Grid4_5,Caserne 09,7,2,1962,Logement-Régulier
Caserne 27 Grid2_5,Caserne 27,12,2.235294118,1947.294118,Logement-Régulier
Caserne 43 Grid2_3,Caserne 43,9,1.833333333,1957.52381,Logement-Régulier
Caserne 30 Grid5_5,Caserne 30,25,2.09375,1925.03125,Logement-Condominium
Caserne 39 Grid5_1,Caserne 39,3,1.384615385,2007.846154,Logement-Condominium
Caserne 40 Grid1_5,Caserne 40,1,1,2008,Logement-Condominium
Caserne 42 Grid9_2,Caserne 42,1,1.642857143,1972.857143,Logement-Régulier
Caserne 23 Grid9_1,Caserne 23,15,1.125,1976.454545,Logement-Condominium
Caserne 19 Grid2_4,Caserne 19,2,1.375,1963.75,Logement-Condominium
Caserne 15 Grid5_0,Caserne 15,1,2,2003,Centre de tri postal-Régulier
Caserne 16 Grid0_2,Caserne 16,11,1.464285714,1935.553571,Logement-Condominium
Caserne 37 Grid6_0,Caserne 37,1,1.444444444,1949.555556,Logement-Régulier
Caserne 04 Grid5_3,Caserne 04,9,1.511111111,1959.488889,Logement-Régulier
Caserne 15 Grid3_2,Caserne 15,14,1.931034483,1912.310345,Logement-Régulier
Caserne 50 Grid3_0,Caserne 50,7,2,1970.75,Logement-Régulier
Caserne 26 Grid1_1,Caserne 26,16,1.777777778,1928.296296,Logement-Régulier
Caserne 38 Grid5_9,Caserne 38,1,1.294117647,1980,Logement-Régulier
Caserne 48 Grid2_3,Caserne 48,17,1.520833333,1981.729167,Logement-Condominium
Caserne 49 Grid5_4,Caserne 49,9,1.697674419,1964.860465,Logement-Régulier
Caserne 16 Grid1_2,Caserne 16,31,1.614457831,1912.180723,Logement-Régulier
Caserne 27 Grid4_4,Caserne 27,18,1,2002.7,Logement-Condominium
Caserne 14 Grid5_2,Caserne 14,5,1.290322581,1983.645161,Logement-Régulier
Caserne 27 Grid1_2,Caserne 27,33,2.615384615,1952.076923,Logement-Régulier
Caserne 50 Grid2_5,Caserne 50,3,2.4,1945.9,Logement-Régulier
Caserne 41 Grid2_3,Caserne 41,2,1.7,1958.2,Logement-Régulier
Caserne 44 Grid4_8,Caserne 44,6,1.571428571,2006.142857,Logement-Condominium
Caserne 50 Grid0_4,Caserne 50,3,2.090909091,1954.818182,Logement-Régulier
Caserne 40 Grid0_4,Caserne 40,2,1.692307692,1971.846154,Logement-Régulier
Caserne 14 Grid1_5,Caserne 14,3,1.454545455,1990.318182,Logement-Condominium
Caserne 37 Grid3_2,Caserne 37,16,1.797101449,1950.449275,Logement-Régulier
Caserne 46 Grid5_2,Caserne 46,2,1.428571429,1953.714286,Logement-Régulier
Caserne 34 Grid1_1,Caserne 34,11,2,1939.5625,Logement-Régulier
Caserne 33 Grid1_4,Caserne 33,3,1.897435897,1977.25641,Logement-Régulier
Caserne 16 Grid2_4,Caserne 16,15,1.676470588,1948.647059,Logement-Régulier
Caserne 32 Grid5_2,Caserne 32,2,1.45,1987,Logement-Régulier
Caserne 41 Grid4_3,Caserne 41,6,1.571428571,1996.857143,Logement-Condominium
Caserne 03 Grid1_1,Caserne 03,3,1,1986.4,Logement-Condominium
Caserne 42 Grid7_3,Caserne 42,6,1.75,1963.75,Logement-Régulier
Caserne 44 Grid4_11,Caserne 44,1,0,2010,"Service de garderie (prématernelle, moins de 50 % de poupons)-Régulier"
caserne 47 Grid2_4,caserne 47,8,1.729166667,1956.020833,Logement-Régulier
caserne 47 Grid3_2,caserne 47,9,1.958333333,1931.916667,Logement-Régulier
Caserne 38 Grid4_10,Caserne 38,4,1.512820513,1976.794872,Logement-Régulier
Caserne 31 Grid3_1,Caserne 31,2,2.2,1910.8,Logement-Régulier
Caserne 30 Grid1_1,Caserne 30,6,2.5,1910,Logement-Régulier
Caserne 14 Grid6_3,Caserne 14,2,1.733333333,1986.866667,Logement-Régulier
Caserne 31 Grid1_2,Caserne 31,26,1.847222222,1954.194444,Logement-Régulier
Caserne 20 Grid1_4,Caserne 20,21,0.904191617,1961.664671,Logement-Condominium
Caserne 44 Grid2_10,Caserne 44,3,1.423076923,1988.538462,Logement-Régulier
Caserne 48 Grid1_1,Caserne 48,1,0.851851852,1991.666667,Logement-Condominium
Caserne 35 Grid4_3,Caserne 35,1,1.928571429,1950.142857,Logement-Régulier
Caserne 40 Grid2_0,Caserne 40,1,1.75,2013.75,Logement-Condominium
Caserne 38 Grid6_12,Caserne 38,5,2.166666667,1967.833333,Logement-Régulier
Caserne 27 Grid2_2,Caserne 27,12,2,1949.454545,Logement-Régulier
Caserne 45 Grid4_1,Caserne 45,3,1,1968,Autres activités d'impression commerciale-Régulier
Caserne 04 Grid5_2,Caserne 04,8,2.129032258,1953.387097,Logement-Régulier
Caserne 40 Grid3_4,Caserne 40,8,1.88,1961.92,Logement-Régulier
Caserne 48 Grid1_2,Caserne 48,15,1.695652174,1966.565217,Logement-Régulier
Caserne 34 Grid1_2,Caserne 34,12,1.711538462,1929.365385,Logement-Régulier
Caserne 20 Grid2_5,Caserne 20,5,1.103448276,2003.551724,Logement-Condominium
Caserne 09 Grid5_6,Caserne 09,4,1.76,1958.36,Logement-Régulier
Caserne 30 Grid3_4,Caserne 30,3,1.333333333,1954.083333,Logement-Condominium
Caserne 41 Grid0_1,Caserne 41,20,2.791666667,1960.875,Logement-Régulier
Caserne 16 Grid0_0,Caserne 16,18,2.15625,1937.265625,Logement-Régulier
Caserne 16 Grid2_1,Caserne 16,3,1.80952381,1929.904762,Logement-Régulier
Caserne 14 Grid4_5,Caserne 14,5,1.578947368,1990.052632,Logement-Régulier
Caserne 43 Grid1_5,Caserne 43,6,1.5,1957.21875,Logement-Régulier
Caserne 03 Grid0_1,Caserne 03,7,4,1985,Logement-Condominium
Caserne 15 Grid1_3,Caserne 15,7,1.105263158,1964.078947,Logement-Condominium
Caserne 16 Grid0_3,Caserne 16,3,1.590909091,1950.909091,Logement-Condominium
Caserne 37 Grid2_3,Caserne 37,21,2.164383562,1940.767123,Logement-Régulier
Caserne 31 Grid2_2,Caserne 31,14,2,1937.416667,Logement-Régulier
Caserne 39 Grid8_4,Caserne 39,1,1.769230769,1945.923077,Logement-Régulier
Caserne 29 Grid5_1,Caserne 29,6,2.111111111,1935.688889,Logement-Régulier
Caserne 37 Grid0_3,Caserne 37,5,2,1960.888889,Logement-Régulier
Caserne 34 Grid4_3,Caserne 34,5,1.8,1951.866667,Logement-Régulier
Caserne 43 Grid0_5,Caserne 43,3,1.909090909,1946.090909,Logement-Régulier
Caserne 10 Grid4_2,Caserne 10,54,1.701492537,1984.029851,Logement-Condominium
Caserne 40 Grid0_3,Caserne 40,4,1.25,1966.125,Logement-Régulier
Caserne 10 Grid3_4,Caserne 10,1,1.75,1941.5,Logement-Condominium
caserne 47 Grid2_1,caserne 47,6,1.885714286,1959.057143,Logement-Régulier
Caserne 44 Grid1_10,Caserne 44,3,2,1984,Logement-Régulier
caserne 47 Grid2_2,caserne 47,6,1.981132075,1935.207547,Logement-Régulier
Caserne 50 Grid2_2,Caserne 50,1,2,1953.769231,Logement-Régulier
Caserne 26 Grid0_0,Caserne 26,5,1.269230769,1974.923077,Logement-Condominium
Caserne 43 Grid3_6,Caserne 43,2,1.611111111,1963.055556,Logement-Régulier
Caserne 15 Grid2_2,Caserne 15,26,1.649122807,1970.964912,Logement-Condominium
caserne 47 Grid3_3,caserne 47,11,1.75,1943.45,Logement-Régulier
Caserne 29 Grid2_1,Caserne 29,10,1.649484536,1967.154639,Logement-Régulier
Caserne 37 Grid4_2,Caserne 37,10,2.042553191,1954.978723,Logement-Régulier
Caserne 34 Grid2_1,Caserne 34,5,2,1924,Logement-Régulier
Caserne 48 Grid3_3,Caserne 48,7,1.714285714,1949.142857,Logement-Régulier
Caserne 39 Grid4_4,Caserne 39,7,2.147058824,1962.882353,Logement-Régulier
Caserne 50 Grid3_1,Caserne 50,7,2,1954.083333,Logement-Régulier
Caserne 32 Grid3_3,Caserne 32,6,1.727272727,1989.818182,Logement-Condominium
Caserne 49 Grid3_1,Caserne 49,6,1.324324324,1979.972973,Logement-Régulier
Caserne 23 Grid9_0,Caserne 23,10,2.1,1942.85,Logement-Régulier
Caserne 13 Grid1_3,Caserne 13,15,2.333333333,1926.777778,Logement-Régulier
Caserne 48 Grid1_4,Caserne 48,14,2.117647059,1943.602941,Logement-Régulier
Caserne 49 Grid4_1,Caserne 49,5,1.638297872,1958.340426,Logement-Régulier
Caserne 31 Grid0_1,Caserne 31,5,0.80952381,2002.952381,Logement-Condominium
Caserne 30 Grid6_5,Caserne 30,23,2.222222222,1920.722222,Logement-Condominium
Caserne 40 Grid1_1,Caserne 40,4,2.086956522,1975.565217,Logement-Régulier
Caserne 46 Grid3_1,Caserne 46,4,1.837837838,1949.513514,Logement-Régulier
Caserne 29 Grid3_0,Caserne 29,6,1.8,1965.225,Logement-Régulier
Caserne 10 Grid3_1,Caserne 10,5,1.8125,1944.375,Logement-Condominium
Caserne 14 Grid0_5,Caserne 14,3,0.571428571,1987,Logement-Condominium
Caserne 04 Grid6_1,Caserne 04,11,2.16,1952.04,Logement-Régulier
Caserne 44 Grid3_12,Caserne 44,3,0.833333333,1994.333333,Autres industries de produits manufacturés-Régulier
Caserne 09 Grid7_5,Caserne 09,13,1.705882353,1957.019608,Logement-Régulier
Caserne 39 Grid4_3,Caserne 39,12,1.823529412,1972.294118,Logement-Régulier
Caserne 32 Grid5_1,Caserne 32,3,1.571428571,1984.142857,Logement-Régulier
Caserne 05 Grid2_2,Caserne 05,5,8.06E-02,1997.064516,Hôtel (incluant les hôtels-motels)-Condominium
Caserne 44 Grid8_6,Caserne 44,3,2,2012.454545,Logement-Régulier
Caserne 23 Grid7_2,Caserne 23,14,2.102040816,1916.061224,Logement-Régulier
Caserne 38 Grid4_12,Caserne 38,7,1.75,1973.25,Logement-Régulier
Caserne 30 Grid3_3,Caserne 30,23,1.648648649,1935.297297,Logement-Condominium
Caserne 34 Grid2_0,Caserne 34,1,1,1976,Logement-Condominium
Caserne 50 Grid4_1,Caserne 50,8,1.857142857,1957.214286,Logement-Régulier
Caserne 42 Grid9_3,Caserne 42,2,1.347826087,1956.782609,Logement-Régulier
Caserne 09 Grid3_6,Caserne 09,1,1,1997,Vente au détail de produits d'épicerie (avec boucherie)-Régulier
Caserne 29 Grid3_3,Caserne 29,6,1.431192661,2007.40367,Logement-Condominium
Caserne 42 Grid10_3,Caserne 42,2,1.565217391,1962.695652,Logement-Régulier
Caserne 30 Grid4_4,Caserne 30,10,1.833333333,1934.333333,Logement-Régulier
Caserne 42 Grid5_3,Caserne 42,1,1.666666667,1965,Logement-Régulier
Caserne 09 Grid3_0,Caserne 09,17,2.391304348,1960.73913,Logement-Régulier
Caserne 45 Grid3_3,Caserne 45,28,2.470588235,1919.058824,Logement-Régulier
Caserne 13 Grid1_1,Caserne 13,3,2.615384615,1916.230769,Logement-Régulier
Caserne 29 Grid4_2,Caserne 29,2,1.232876712,1987.164384,Logement-Condominium
caserne 47 Grid0_4,caserne 47,7,1.916666667,1918.416667,Logement-Régulier
Caserne 46 Grid2_1,Caserne 46,5,1.875,1951.1875,Logement-Régulier
Caserne 25 Grid2_3,Caserne 25,14,1.514285714,1959.942857,Logement-Condominium
Caserne 34 Grid2_2,Caserne 34,6,1.853658537,1924.365854,Logement-Régulier
Caserne 19 Grid0_3,Caserne 19,13,1.369565217,1961.456522,Logement-Condominium
Caserne 40 Grid5_1,Caserne 40,9,1.675675676,1962.243243,Logement-Régulier
Caserne 45 Grid2_3,Caserne 45,10,1.6,1950.375,Logement-Condominium
Caserne 42 Grid11_1,Caserne 42,9,1.161290323,1972.709677,Logement-Régulier
Caserne 19 Grid0_4,Caserne 19,17,1.186046512,1974.511628,Logement-Condominium
Caserne 26 Grid0_1,Caserne 26,6,1.647058824,1948.505882,Logement-Condominium
Caserne 41 Grid0_2,Caserne 41,12,2.625,1958.125,Logement-Régulier
Caserne 15 Grid1_2,Caserne 15,6,1.357142857,1986.428571,Logement-Condominium
Caserne 30 Grid1_3,Caserne 30,11,1.75,1947,Logement-Condominium
Caserne 48 Grid2_2,Caserne 48,9,0.946808511,1968.404255,Logement-Condominium
Caserne 34 Grid0_2,Caserne 34,11,1.823529412,1929.352941,Logement-Régulier
Caserne 09 Grid2_1,Caserne 09,2,2.5,1959.833333,Logement-Régulier
Caserne 04 Grid7_4,Caserne 04,7,1.833333333,1935.125,Logement-Régulier
Caserne 14 Grid4_3,Caserne 14,7,1.888888889,1974.777778,Logement-Régulier
Caserne 39 Grid5_5,Caserne 39,11,1.782608696,1956.673913,Logement-Régulier
caserne 47 Grid1_4,caserne 47,12,1.967213115,1943.47541,Logement-Régulier
Caserne 03 Grid3_0,Caserne 03,2,1,2018,Logement-Condominium
Caserne 38 Grid5_11,Caserne 38,2,1,1966.95,Logement-Régulier
Caserne 49 Grid4_3,Caserne 49,10,1.632653061,1964.142857,Logement-Condominium
Caserne 46 Grid2_5,Caserne 46,6,1.923076923,1948.153846,Logement-Régulier
Caserne 14 Grid5_4,Caserne 14,4,1.625,1978.583333,Logement-Régulier
Caserne 31 Grid1_0,Caserne 31,6,1.975,1937.05,Logement-Régulier
Caserne 39 Grid0_2,Caserne 39,2,2,1974,Logement-Régulier
Caserne 34 Grid1_0,Caserne 34,1,1.75,1948.8,Logement-Régulier
Caserne 42 Grid2_8,Caserne 42,1,1.8,1973,Logement-Régulier
Caserne 46 Grid5_3,Caserne 46,7,2.571428571,1946.142857,Logement-Régulier
Caserne 09 Grid0_4,Caserne 09,2,1.928571429,1965.5,Logement-Régulier
Caserne 49 Grid6_3,Caserne 49,1,0,1947,École secondaire-Régulier
Caserne 23 Grid7_3,Caserne 23,18,2.153846154,1937.205128,Logement-Régulier
Caserne 44 Grid5_11,Caserne 44,1,1,1984,Autres industries de produits manufacturés-Régulier
Caserne 43 Grid5_6,Caserne 43,5,1.820512821,1984.717949,Logement-Régulier
Caserne 42 Grid6_4,Caserne 42,16,2,1973.2,Logement-Régulier
Caserne 40 Grid2_2,Caserne 40,8,1.666666667,1962.717949,Logement-Régulier
Caserne 09 Grid3_3,Caserne 09,19,1.770491803,1961.491803,Logement-Régulier
Caserne 38 Grid5_6,Caserne 38,2,2,1962.75,Logement-Régulier
Caserne 16 Grid3_2,Caserne 16,7,2.333333333,1890,Logement-Régulier
Caserne 29 Grid3_1,Caserne 29,4,1.466666667,1980.133333,Logement-Condominium
Caserne 09 Grid4_3,Caserne 09,9,2,1963.222222,Logement-Régulier
Caserne 46 Grid3_0,Caserne 46,2,1.8125,1950.8125,Logement-Régulier
Caserne 09 Grid7_7,Caserne 09,2,1.833333333,1950.833333,Logement-Régulier
Caserne 29 Grid0_3,Caserne 29,6,1.464285714,1987.928571,Logement-Condominium
Caserne 46 Grid1_3,Caserne 46,7,1.696969697,1953.484848,Logement-Régulier
Caserne 09 Grid2_2,Caserne 09,15,1.977272727,1957.431818,Logement-Régulier
